Area,Java method,Java return type,Java generic return type,Category,Proposed handling,Beta return hint,Beta status
Android,org.sikuli.android.ADBClient.getDevice(int),se.vidstige.jadb.JadbDevice,se.vidstige.jadb.JadbDevice,Declared Java type missing Python facade,Outside current five-area work scope,Any,Outside selected scope
Android,org.sikuli.android.ADBClient.getDevice(java.lang.String),se.vidstige.jadb.JadbDevice,se.vidstige.jadb.JadbDevice,Declared Java type missing Python facade,Outside current five-area work scope,Any,Outside selected scope
Android,org.sikuli.android.ADBClient.getDeviceBySerial(java.lang.String),se.vidstige.jadb.JadbDevice,se.vidstige.jadb.JadbDevice,Declared Java type missing Python facade,Outside current five-area work scope,Any,Outside selected scope
Android,org.sikuli.android.ADBDevice.captureDeviceScreen(),java.awt.image.BufferedImage,java.awt.image.BufferedImage,Declared Java type missing Python facade,Outside current five-area work scope,BufferedImage,Outside selected scope
Android,"org.sikuli.android.ADBDevice.captureDeviceScreen(int, int, int, int)",java.awt.image.BufferedImage,java.awt.image.BufferedImage,Declared Java type missing Python facade,Outside current five-area work scope,BufferedImage,Outside selected scope
Android,"org.sikuli.android.ADBDevice.captureDeviceScreenMat(int, int, int, int)",org.opencv.core.Mat,org.opencv.core.Mat,Declared Java type missing Python facade,Outside current five-area work scope,Optional[Mat],Outside selected scope
Android,org.sikuli.android.ADBDevice.getBounds(),java.awt.Rectangle,java.awt.Rectangle,Declared Java type missing Python facade,Outside current five-area work scope,Rectangle,Outside selected scope
Android,"org.sikuli.android.ADBRobot.getColorAt(int, int)",java.awt.Color,java.awt.Color,Declared Java type missing Python facade,Outside current five-area work scope,Color,Outside selected scope
Android,org.sikuli.android.ADBScreen.getBounds(),java.awt.Rectangle,java.awt.Rectangle,Declared Java type missing Python facade,Outside current five-area work scope,Rectangle,Outside selected scope
Command execution and runners,org.sikuli.support.CommandExecutor.execLocal(java.lang.String),java.util.stream.Stream,java.util.stream.Stream<java.lang.String>,Declared Java type missing Python facade,Outside current five-area work scope,Any,Outside selected scope
Command execution and runners,org.sikuli.support.CommandExecutor.execPowershell(java.lang.String),java.util.stream.Stream,java.util.stream.Stream<java.lang.String>,Declared Java type missing Python facade,Outside current five-area work scope,Any,Outside selected scope
Command execution and runners,org.sikuli.support.CommandExecutor.execWsl(java.lang.String),java.util.stream.Stream,java.util.stream.Stream<java.lang.String>,Declared Java type missing Python facade,Outside current five-area work scope,Any,Outside selected scope
Command execution and runners,org.sikuli.support.runner.IRunner$Options.getBaseFolder(),java.io.File,java.io.File,Declared Java type missing Python facade,Outside current five-area work scope,File,Outside selected scope
Common utilities and file management,org.sikuli.support.Commons.asFile(java.lang.String),java.io.File,java.io.File,Declared Java type missing Python facade,Typed Java reference facade; preserve JVM identity; review nullable return and dependent types per signature,Optional[File],Typed facade
Common utilities and file management,org.sikuli.support.Commons.asFolder(java.lang.String),java.io.File,java.io.File,Declared Java type missing Python facade,Typed Java reference facade; preserve JVM identity; review nullable return and dependent types per signature,Optional[File],Typed facade
Common utilities and file management,org.sikuli.support.Commons.deepCopySameType(java.awt.image.BufferedImage),java.awt.image.BufferedImage,java.awt.image.BufferedImage,Declared Java type missing Python facade,Typed Java reference facade; preserve JVM identity; review nullable return and dependent types per signature,BufferedImage,Typed facade
Common utilities and file management,org.sikuli.support.Commons.fromClasspath(java.lang.String),java.net.URL,java.net.URL,Declared Java type missing Python facade,Typed Java reference facade; preserve JVM identity; review nullable return and dependent types per signature,URL,Typed facade
Common utilities and file management,org.sikuli.support.Commons.getAppDataPath(),java.io.File,java.io.File,Declared Java type missing Python facade,Typed Java reference facade; preserve JVM identity; review nullable return and dependent types per signature,File,Typed facade
Common utilities and file management,org.sikuli.support.Commons.getAppDataStore(),java.io.File,java.io.File,Declared Java type missing Python facade,Typed Java reference facade; preserve JVM identity; review nullable return and dependent types per signature,File,Typed facade
Common utilities and file management,org.sikuli.support.Commons.getBufferedImage(org.opencv.core.Mat),java.awt.image.BufferedImage,java.awt.image.BufferedImage,Declared Java type missing Python facade,Typed Java reference facade; preserve JVM identity; review nullable return and dependent types per signature,BufferedImage,Typed facade
Common utilities and file management,"org.sikuli.support.Commons.getBufferedImage(org.opencv.core.Mat, java.lang.String)",java.awt.image.BufferedImage,java.awt.image.BufferedImage,Declared Java type missing Python facade,Typed Java reference facade; preserve JVM identity; review nullable return and dependent types per signature,BufferedImage,Typed facade
Common utilities and file management,org.sikuli.support.Commons.getClassLocation(java.lang.Class),java.io.File,java.io.File,Declared Java type missing Python facade,Typed Java reference facade; preserve JVM identity; review nullable return and dependent types per signature,File,Typed facade
Common utilities and file management,org.sikuli.support.Commons.getExtensionsFolder(),java.io.File,java.io.File,Declared Java type missing Python facade,Typed Java reference facade; preserve JVM identity; review nullable return and dependent types per signature,File,Typed facade
Common utilities and file management,org.sikuli.support.Commons.getIDETemp(),java.io.File,java.io.File,Declared Java type missing Python facade,Typed Java reference facade; preserve JVM identity; review nullable return and dependent types per signature,File,Typed facade
Common utilities and file management,org.sikuli.support.Commons.getLibFolder(),java.io.File,java.io.File,Declared Java type missing Python facade,Typed Java reference facade; preserve JVM identity; review nullable return and dependent types per signature,File,Typed facade
Common utilities and file management,org.sikuli.support.Commons.getLibsFolder(),java.io.File,java.io.File,Declared Java type missing Python facade,Typed Java reference facade; preserve JVM identity; review nullable return and dependent types per signature,File,Typed facade
Common utilities and file management,org.sikuli.support.Commons.getMainClassLocation(),java.io.File,java.io.File,Declared Java type missing Python facade,Typed Java reference facade; preserve JVM identity; review nullable return and dependent types per signature,File,Typed facade
Common utilities and file management,org.sikuli.support.Commons.getNewMat(),org.opencv.core.Mat,org.opencv.core.Mat,Declared Java type missing Python facade,Typed Java reference facade; preserve JVM identity; review nullable return and dependent types per signature,Mat,Typed facade
Common utilities and file management,"org.sikuli.support.Commons.getNewMat(org.opencv.core.Size, int, int)",org.opencv.core.Mat,org.opencv.core.Mat,Declared Java type missing Python facade,Typed Java reference facade; preserve JVM identity; review nullable return and dependent types per signature,Mat,Typed facade
Common utilities and file management,org.sikuli.support.Commons.getStartClass(),java.lang.Class,java.lang.Class,Declared Java type missing Python facade,Typed Java reference facade; preserve JVM identity; review nullable return and dependent types per signature,Optional[Class],Typed facade
Common utilities and file management,org.sikuli.support.Commons.getTempFolder(),java.io.File,java.io.File,Declared Java type missing Python facade,Typed Java reference facade; preserve JVM identity; review nullable return and dependent types per signature,File,Typed facade
Common utilities and file management,org.sikuli.support.Commons.getUniqueFilename(java.io.File),java.io.File,java.io.File,Declared Java type missing Python facade,Typed Java reference facade; preserve JVM identity; review nullable return and dependent types per signature,File,Typed facade
Common utilities and file management,org.sikuli.support.Commons.getUserHome(),java.io.File,java.io.File,Declared Java type missing Python facade,Typed Java reference facade; preserve JVM identity; review nullable return and dependent types per signature,File,Typed facade
Common utilities and file management,org.sikuli.support.Commons.getWorkDir(),java.io.File,java.io.File,Declared Java type missing Python facade,Typed Java reference facade; preserve JVM identity; review nullable return and dependent types per signature,File,Typed facade
Common utilities and file management,org.sikuli.support.Commons.makeMat(java.awt.image.BufferedImage),org.opencv.core.Mat,org.opencv.core.Mat,Declared Java type missing Python facade,Typed Java reference facade; preserve JVM identity; review nullable return and dependent types per signature,Mat,Typed facade
Common utilities and file management,"org.sikuli.support.Commons.makeMat(java.awt.image.BufferedImage, boolean)",org.opencv.core.Mat,org.opencv.core.Mat,Declared Java type missing Python facade,Typed Java reference facade; preserve JVM identity; review nullable return and dependent types per signature,Mat,Typed facade
Common utilities and file management,org.sikuli.support.Commons.makeURL(),java.net.URL,java.net.URL,Declared Java type missing Python facade,Typed Java reference facade; preserve JVM identity; review nullable return and dependent types per signature,Optional[URL],Typed facade
Common utilities and file management,org.sikuli.support.Commons.makeURL(java.lang.Object),java.net.URL,java.net.URL,Declared Java type missing Python facade,Typed Java reference facade; preserve JVM identity; review nullable return and dependent types per signature,Optional[URL],Typed facade
Common utilities and file management,"org.sikuli.support.Commons.makeURL(java.lang.Object, java.lang.String)",java.net.URL,java.net.URL,Declared Java type missing Python facade,Typed Java reference facade; preserve JVM identity; review nullable return and dependent types per signature,Optional[URL],Typed facade
Common utilities and file management,org.sikuli.support.Commons.resetAppDataPath(),java.io.File,java.io.File,Declared Java type missing Python facade,Typed Java reference facade; preserve JVM identity; review nullable return and dependent types per signature,File,Typed facade
Common utilities and file management,"org.sikuli.support.Commons.resize(java.awt.image.BufferedImage, float)",java.awt.image.BufferedImage,java.awt.image.BufferedImage,Declared Java type missing Python facade,Typed Java reference facade; preserve JVM identity; review nullable return and dependent types per signature,BufferedImage,Typed facade
Common utilities and file management,"org.sikuli.support.Commons.resize(java.awt.image.BufferedImage, float, org.sikuli.support.Commons$Interpolation)",java.awt.image.BufferedImage,java.awt.image.BufferedImage,Declared Java type missing Python facade,Typed Java reference facade; preserve JVM identity; review nullable return and dependent types per signature,BufferedImage,Typed facade
Common utilities and file management,"org.sikuli.support.Commons.resizeImage(java.awt.image.BufferedImage, int, int)",java.awt.image.BufferedImage,java.awt.image.BufferedImage,Declared Java type missing Python facade,Typed Java reference facade; preserve JVM identity; review nullable return and dependent types per signature,BufferedImage,Typed facade
Common utilities and file management,org.sikuli.support.Commons.resourceLocation(java.lang.String),java.net.URL,java.net.URL,Declared Java type missing Python facade,Typed Java reference facade; preserve JVM identity; review nullable return and dependent types per signature,URL,Typed facade
Common utilities and file management,org.sikuli.support.Commons.setAppDataPath(java.lang.String),java.io.File,java.io.File,Declared Java type missing Python facade,Typed Java reference facade; preserve JVM identity; review nullable return and dependent types per signature,File,Typed facade
Common utilities and file management,org.sikuli.support.Commons.setTempFolder(),java.io.File,java.io.File,Declared Java type missing Python facade,Typed Java reference facade; preserve JVM identity; review nullable return and dependent types per signature,File,Typed facade
Common utilities and file management,org.sikuli.support.Commons.setTempFolder(java.io.File),java.io.File,java.io.File,Declared Java type missing Python facade,Typed Java reference facade; preserve JVM identity; review nullable return and dependent types per signature,File,Typed facade
Common utilities and file management,org.sikuli.support.Commons.setWorkDir(java.lang.Object),java.io.File,java.io.File,Declared Java type missing Python facade,Typed Java reference facade; preserve JVM identity; review nullable return and dependent types per signature,File,Typed facade
Common utilities and file management,"org.sikuli.support.Commons.smartCopy(java.io.File, java.io.File)",java.io.File,java.io.File,Declared Java type missing Python facade,Typed Java reference facade; preserve JVM identity; review nullable return and dependent types per signature,Optional[File],Typed facade
Common utilities and file management,org.sikuli.support.Commons.urlToFile(java.net.URL),java.io.File,java.io.File,Declared Java type missing Python facade,Typed Java reference facade; preserve JVM identity; review nullable return and dependent types per signature,File,Typed facade
Common utilities and file management,org.sikuli.support.FileManager.createTempFile(java.lang.String),java.io.File,java.io.File,Declared Java type missing Python facade,Typed Java reference facade; preserve JVM identity; review nullable return and dependent types per signature,Optional[File],Typed facade
Common utilities and file management,"org.sikuli.support.FileManager.createTempFile(java.lang.String, java.lang.String)",java.io.File,java.io.File,Declared Java type missing Python facade,Typed Java reference facade; preserve JVM identity; review nullable return and dependent types per signature,Optional[File],Typed facade
Common utilities and file management,org.sikuli.support.FileManager.getProxy(),java.net.Proxy,java.net.Proxy,Declared Java type missing Python facade,Typed Java reference facade; preserve JVM identity; review nullable return and dependent types per signature,Optional[Proxy],Typed facade
Common utilities and file management,org.sikuli.support.FileManager.getProxyAddress(java.lang.String),java.net.InetAddress,java.net.InetAddress,Declared Java type missing Python facade,Typed Java reference facade; preserve JVM identity; review nullable return and dependent types per signature,Optional[InetAddress],Typed facade
Common utilities and file management,org.sikuli.support.FileManager.makeURL(java.lang.String),java.net.URL,java.net.URL,Declared Java type missing Python facade,Typed Java reference facade; preserve JVM identity; review nullable return and dependent types per signature,Optional[URL],Typed facade
Common utilities and file management,"org.sikuli.support.FileManager.makeURL(java.lang.String, java.lang.String)",java.net.URL,java.net.URL,Declared Java type missing Python facade,Typed Java reference facade; preserve JVM identity; review nullable return and dependent types per signature,Optional[URL],Typed facade
Core desktop and images / OCR support,org.sikuli.script.Element.file(),java.io.File,java.io.File,Declared Java type missing Python facade,Typed Java reference facade; preserve JVM identity; review nullable return and dependent types per signature,Optional[File],Typed facade
Core desktop and images / OCR support,org.sikuli.script.Element.getBufferedImage(java.lang.Object),java.awt.image.BufferedImage,java.awt.image.BufferedImage,Declared Java type missing Python facade,Typed Java reference facade; preserve JVM identity; review nullable return and dependent types per signature,BufferedImage,Typed facade
Core desktop and images / OCR support,"org.sikuli.script.Image.createSubimage(java.awt.image.BufferedImage, java.awt.Rectangle)",java.awt.image.BufferedImage,java.awt.image.BufferedImage,Declared Java type missing Python facade,Typed Java reference facade; preserve JVM identity; review nullable return and dependent types per signature,BufferedImage,Typed facade
Core desktop and images / OCR support,org.sikuli.script.Image.file(),java.io.File,java.io.File,Declared Java type missing Python facade,Typed Java reference facade; preserve JVM identity; review nullable return and dependent types per signature,Optional[File],Typed facade
Core desktop and images / OCR support,org.sikuli.script.Image.get(),java.awt.image.BufferedImage,java.awt.image.BufferedImage,Declared Java type missing Python facade,Typed Java reference facade; preserve JVM identity; review nullable return and dependent types per signature,Optional[BufferedImage],Typed facade
Core desktop and images / OCR support,org.sikuli.script.Image.getLastSeen(),java.awt.Rectangle,java.awt.Rectangle,Declared Java type missing Python facade,Typed Java reference facade; preserve JVM identity; review nullable return and dependent types per signature,Optional[Rectangle],Typed facade
Core desktop and images / OCR support,org.sikuli.script.Image.getSize(),java.awt.Dimension,java.awt.Dimension,Declared Java type missing Python facade,Typed Java reference facade; preserve JVM identity; review nullable return and dependent types per signature,Dimension,Typed facade
Core desktop and images / OCR support,"org.sikuli.script.Image.getSubimage(java.awt.image.BufferedImage, java.awt.Rectangle)",java.awt.image.BufferedImage,java.awt.image.BufferedImage,Declared Java type missing Python facade,Typed Java reference facade; preserve JVM identity; review nullable return and dependent types per signature,BufferedImage,Typed facade
Core desktop and images / OCR support,org.sikuli.script.Image.getURL(),java.net.URL,java.net.URL,Declared Java type missing Python facade,Typed Java reference facade; preserve JVM identity; review nullable return and dependent types per signature,Optional[URL],Typed facade
Core desktop and images / OCR support,org.sikuli.script.Image.remove(),java.io.File,java.io.File,Declared Java type missing Python facade,Typed Java reference facade; preserve JVM identity; review nullable return and dependent types per signature,Optional[File],Typed facade
Core desktop and images / OCR support,org.sikuli.script.Image.resize(float),java.awt.image.BufferedImage,java.awt.image.BufferedImage,Declared Java type missing Python facade,Typed Java reference facade; preserve JVM identity; review nullable return and dependent types per signature,BufferedImage,Typed facade
Core desktop and images / OCR support,"org.sikuli.script.Image.resize(float, org.sikuli.support.Commons$Interpolation)",java.awt.image.BufferedImage,java.awt.image.BufferedImage,Declared Java type missing Python facade,Typed Java reference facade; preserve JVM identity; review nullable return and dependent types per signature,BufferedImage,Typed facade
Core desktop and images / OCR support,org.sikuli.script.ImageCallback.callback(org.sikuli.script.Image),java.awt.image.BufferedImage,java.awt.image.BufferedImage,Declared Java type missing Python facade,Typed Java reference facade; preserve JVM identity; review nullable return and dependent types per signature,BufferedImage,Typed facade
Core desktop and images / OCR support,org.sikuli.script.ImagePath$PathEntry.getFile(),java.io.File,java.io.File,Declared Java type missing Python facade,Typed Java reference facade; preserve JVM identity; review nullable return and dependent types per signature,Optional[File],Typed facade
Core desktop and images / OCR support,org.sikuli.script.ImagePath$PathEntry.getURL(),java.net.URL,java.net.URL,Declared Java type missing Python facade,Typed Java reference facade; preserve JVM identity; review nullable return and dependent types per signature,Optional[URL],Typed facade
Core desktop and images / OCR support,org.sikuli.script.ImagePath.append(java.lang.Object),java.net.URL,java.net.URL,Declared Java type missing Python facade,Typed Java reference facade; preserve JVM identity; review nullable return and dependent types per signature,Optional[URL],Typed facade
Core desktop and images / OCR support,"org.sikuli.script.ImagePath.append(java.lang.Object, java.lang.String)",java.net.URL,java.net.URL,Declared Java type missing Python facade,Typed Java reference facade; preserve JVM identity; review nullable return and dependent types per signature,Optional[URL],Typed facade
Core desktop and images / OCR support,"org.sikuli.script.ImagePath.append(java.lang.Object, java.lang.String, java.net.URL)",java.net.URL,java.net.URL,Declared Java type missing Python facade,Typed Java reference facade; preserve JVM identity; review nullable return and dependent types per signature,Optional[URL],Typed facade
Core desktop and images / OCR support,"org.sikuli.script.ImagePath.append(java.lang.Object, java.net.URL)",java.net.URL,java.net.URL,Declared Java type missing Python facade,Typed Java reference facade; preserve JVM identity; review nullable return and dependent types per signature,Optional[URL],Typed facade
Core desktop and images / OCR support,org.sikuli.script.ImagePath.find(java.lang.String),java.net.URL,java.net.URL,Declared Java type missing Python facade,Typed Java reference facade; preserve JVM identity; review nullable return and dependent types per signature,Optional[URL],Typed facade
Core desktop and images / OCR support,org.sikuli.script.ImagePath.get(java.lang.Object),java.net.URL,java.net.URL,Declared Java type missing Python facade,Typed Java reference facade; preserve JVM identity; review nullable return and dependent types per signature,Optional[URL],Typed facade
Core desktop and images / OCR support,"org.sikuli.script.ImagePath.get(java.lang.Object, java.lang.String)",java.net.URL,java.net.URL,Declared Java type missing Python facade,Typed Java reference facade; preserve JVM identity; review nullable return and dependent types per signature,Optional[URL],Typed facade
Core desktop and images / OCR support,org.sikuli.script.ImagePath.insert(java.lang.Object),java.net.URL,java.net.URL,Declared Java type missing Python facade,Typed Java reference facade; preserve JVM identity; review nullable return and dependent types per signature,Optional[URL],Typed facade
Core desktop and images / OCR support,"org.sikuli.script.ImagePath.insert(java.lang.Object, java.lang.String)",java.net.URL,java.net.URL,Declared Java type missing Python facade,Typed Java reference facade; preserve JVM identity; review nullable return and dependent types per signature,Optional[URL],Typed facade
Core desktop and images / OCR support,"org.sikuli.script.ImagePath.insert(java.lang.Object, java.lang.String, java.net.URL)",java.net.URL,java.net.URL,Declared Java type missing Python facade,Typed Java reference facade; preserve JVM identity; review nullable return and dependent types per signature,Optional[URL],Typed facade
Core desktop and images / OCR support,"org.sikuli.script.ImagePath.insert(java.lang.Object, java.net.URL)",java.net.URL,java.net.URL,Declared Java type missing Python facade,Typed Java reference facade; preserve JVM identity; review nullable return and dependent types per signature,Optional[URL],Typed facade
Core desktop and images / OCR support,org.sikuli.script.ImagePath.open(java.lang.String),java.io.BufferedReader,java.io.BufferedReader,Declared Java type missing Python facade,Typed Java reference facade; preserve JVM identity; review nullable return and dependent types per signature,Optional[BufferedReader],Typed facade
Core desktop and images / OCR support,org.sikuli.script.ImagePath.remove(java.lang.Object),java.net.URL,java.net.URL,Declared Java type missing Python facade,Typed Java reference facade; preserve JVM identity; review nullable return and dependent types per signature,Optional[URL],Typed facade
Core desktop and images / OCR support,"org.sikuli.script.ImagePath.remove(java.lang.Object, java.lang.String)",java.net.URL,java.net.URL,Declared Java type missing Python facade,Typed Java reference facade; preserve JVM identity; review nullable return and dependent types per signature,Optional[URL],Typed facade
Core desktop and images / OCR support,"org.sikuli.script.ImagePath.replace(java.lang.Object, java.lang.String, java.net.URL)",java.net.URL,java.net.URL,Declared Java type missing Python facade,Typed Java reference facade; preserve JVM identity; review nullable return and dependent types per signature,Optional[URL],Typed facade
Core desktop and images / OCR support,"org.sikuli.script.ImagePath.replace(java.lang.Object, java.net.URL)",java.net.URL,java.net.URL,Declared Java type missing Python facade,Typed Java reference facade; preserve JVM identity; review nullable return and dependent types per signature,Optional[URL],Typed facade
Core desktop and images / OCR support,org.sikuli.script.ImagePath.setBundleFolder(java.io.File),java.io.File,java.io.File,Declared Java type missing Python facade,Typed Java reference facade; preserve JVM identity; review nullable return and dependent types per signature,Optional[File],Typed facade
Core desktop and images / OCR support,org.sikuli.script.Location.getColor(),java.awt.Color,java.awt.Color,Declared Java type missing Python facade,Typed Java reference facade; preserve JVM identity; review nullable return and dependent types per signature,Optional[Color],Typed facade
Core desktop and images / OCR support,org.sikuli.script.Location.getPoint(),java.awt.Point,java.awt.Point,Declared Java type missing Python facade,Typed Java reference facade; preserve JVM identity; review nullable return and dependent types per signature,Point,Typed facade
Core desktop and images / OCR support,org.sikuli.script.Pattern.getBImage(),java.awt.image.BufferedImage,java.awt.image.BufferedImage,Declared Java type missing Python facade,Typed Java reference facade; preserve JVM identity; review nullable return and dependent types per signature,Optional[BufferedImage],Typed facade
Core desktop and images / OCR support,org.sikuli.script.Pattern.getFileURL(),java.net.URL,java.net.URL,Declared Java type missing Python facade,Typed Java reference facade; preserve JVM identity; review nullable return and dependent types per signature,Optional[URL],Typed facade
Core desktop and images / OCR support,org.sikuli.script.Pattern.getMask(),org.opencv.core.Mat,org.opencv.core.Mat,Declared Java type missing Python facade,Typed Java reference facade; preserve JVM identity; review nullable return and dependent types per signature,Mat,Typed facade
Core desktop and images / OCR support,org.sikuli.script.Region.getRect(),java.awt.Rectangle,java.awt.Rectangle,Declared Java type missing Python facade,Typed Java reference facade; preserve JVM identity; review nullable return and dependent types per signature,Rectangle,Typed facade
Core desktop and images / OCR support,org.sikuli.script.Screen.getBounds(),java.awt.Rectangle,java.awt.Rectangle,Declared Java type missing Python facade,Typed Java reference facade; preserve JVM identity; review nullable return and dependent types per signature,Rectangle,Typed facade
Core desktop and images / OCR support,org.sikuli.script.Screen.getBounds(int),java.awt.Rectangle,java.awt.Rectangle,Declared Java type missing Python facade,Typed Java reference facade; preserve JVM identity; review nullable return and dependent types per signature,Rectangle,Typed facade
Core desktop and images / OCR support,org.sikuli.script.ScreenImage.getImage(),java.awt.image.BufferedImage,java.awt.image.BufferedImage,Declared Java type missing Python facade,Typed Java reference facade; preserve JVM identity; review nullable return and dependent types per signature,BufferedImage,Typed facade
Core desktop and images / OCR support,org.sikuli.script.ScreenImage.getRect(),java.awt.Rectangle,java.awt.Rectangle,Declared Java type missing Python facade,Typed Java reference facade; preserve JVM identity; review nullable return and dependent types per signature,Rectangle,Typed facade
Core desktop and images / OCR support,org.sikuli.support.TesseractLastSeen.catalogFile(),java.io.File,java.io.File,Declared Java type missing Python facade,Typed Java reference facade; preserve JVM identity; review nullable return and dependent types per signature,File,Typed facade
Desktop devices,"org.sikuli.support.devices.IRobot.getColorAt(int, int)",java.awt.Color,java.awt.Color,Declared Java type missing Python facade,Typed Java reference facade; preserve JVM identity; review nullable return and dependent types per signature,Color,Typed facade
Desktop devices,org.sikuli.support.devices.IScreen.getBounds(),java.awt.Rectangle,java.awt.Rectangle,Declared Java type missing Python facade,Typed Java reference facade; preserve JVM identity; review nullable return and dependent types per signature,Rectangle,Typed facade
Desktop devices,org.sikuli.support.devices.IScreen.getRect(),java.awt.Rectangle,java.awt.Rectangle,Declared Java type missing Python facade,Typed Java reference facade; preserve JVM identity; review nullable return and dependent types per signature,Rectangle,Typed facade
Desktop devices,org.sikuli.support.devices.MouseDevice.at(),java.awt.Point,java.awt.Point,Declared Java type missing Python facade,Typed Java reference facade; preserve JVM identity; review nullable return and dependent types per signature,Optional[Point],Typed facade
Desktop devices,org.sikuli.support.devices.MouseDevice.move(java.awt.Point),java.awt.Point,java.awt.Point,Declared Java type missing Python facade,Typed Java reference facade; preserve JVM identity; review nullable return and dependent types per signature,Optional[Point],Typed facade
Desktop devices,"org.sikuli.support.devices.RobotDesktop.getColorAt(int, int)",java.awt.Color,java.awt.Color,Declared Java type missing Python facade,Typed Java reference facade; preserve JVM identity; review nullable return and dependent types per signature,Color,Typed facade
Desktop devices,org.sikuli.support.devices.ScreenDevice.asRectangle(),java.awt.Rectangle,java.awt.Rectangle,Declared Java type missing Python facade,Typed Java reference facade; preserve JVM identity; review nullable return and dependent types per signature,Rectangle,Typed facade
Desktop devices,org.sikuli.support.devices.ScreenDevice.capture(),java.awt.image.BufferedImage,java.awt.image.BufferedImage,Declared Java type missing Python facade,Typed Java reference facade; preserve JVM identity; review nullable return and dependent types per signature,BufferedImage,Typed facade
Desktop devices,org.sikuli.support.devices.ScreenDevice.capture(java.awt.Rectangle),java.awt.image.BufferedImage,java.awt.image.BufferedImage,Declared Java type missing Python facade,Typed Java reference facade; preserve JVM identity; review nullable return and dependent types per signature,BufferedImage,Typed facade
Desktop devices,org.sikuli.support.devices.ScreenDevice.getCenter(),java.awt.Point,java.awt.Point,Declared Java type missing Python facade,Typed Java reference facade; preserve JVM identity; review nullable return and dependent types per signature,Point,Typed facade
Desktop devices,org.sikuli.support.devices.ScreenDevice.getRobot(),java.awt.Robot,java.awt.Robot,Declared Java type missing Python facade,Typed Java reference facade; preserve JVM identity; review nullable return and dependent types per signature,Robot,Typed facade
GUI dialogs and capture overlays,"org.sikuli.support.gui.SXDialog.adjustTo(java.awt.Rectangle, java.awt.image.BufferedImage)",java.awt.image.BufferedImage,java.awt.image.BufferedImage,Declared Java type missing Python facade,Typed Java reference facade; preserve JVM identity; review nullable return and dependent types per signature,BufferedImage,Typed facade
GUI dialogs and capture overlays,org.sikuli.support.gui.SXDialog.getItem(java.lang.String),org.sikuli.support.gui.SXDialog$BasicItem,org.sikuli.support.gui.SXDialog$BasicItem,Declared Java type missing Python facade,Optional typed opaque item handle; use SXDialog.getText/setText; Java public API needed for item methods,Optional[SXDialog_BasicItem],Typed opaque handle
GUI dialogs and capture overlays,org.sikuli.util.OverlayCapturePrompt.getEnd(),java.awt.Point,java.awt.Point,Declared Java type missing Python facade,Typed Java reference facade; preserve JVM identity; review nullable return and dependent types per signature,Point,Typed facade
GUI dialogs and capture overlays,org.sikuli.util.OverlayCapturePrompt.getOriginal(),java.awt.image.BufferedImage,java.awt.image.BufferedImage,Declared Java type missing Python facade,Typed Java reference facade; preserve JVM identity; review nullable return and dependent types per signature,Optional[BufferedImage],Typed facade
GUI dialogs and capture overlays,org.sikuli.util.OverlayCapturePrompt.getSelectionImage(),java.awt.image.BufferedImage,java.awt.image.BufferedImage,Declared Java type missing Python facade,Typed Java reference facade; preserve JVM identity; review nullable return and dependent types per signature,Optional[BufferedImage],Typed facade
GUI dialogs and capture overlays,org.sikuli.util.OverlayCapturePrompt.getSelectionRectangle(),java.awt.Rectangle,java.awt.Rectangle,Declared Java type missing Python facade,Typed Java reference facade; preserve JVM identity; review nullable return and dependent types per signature,Rectangle,Typed facade
GUI dialogs and capture overlays,org.sikuli.util.OverlayCapturePrompt.getStart(),java.awt.Point,java.awt.Point,Declared Java type missing Python facade,Typed Java reference facade; preserve JVM identity; review nullable return and dependent types per signature,Point,Typed facade
GUI dialogs and capture overlays,org.sikuli.util.OverlayTransparentWindow.getJPanel(),javax.swing.JPanel,javax.swing.JPanel,Declared Java type missing Python facade,Typed Java reference facade; preserve JVM identity; review nullable return and dependent types per signature,Optional[JPanel],Typed facade
GUI dialogs and capture overlays,org.sikuli.util.OverlayTransparentWindow.getJPanelGraphics(),java.awt.Graphics2D,java.awt.Graphics2D,Declared Java type missing Python facade,Typed Java reference facade; preserve JVM identity; review nullable return and dependent types per signature,Optional[Graphics2D],Typed facade
GUI dialogs and capture overlays,org.sikuli.util.SikulixFileChooser.export(),java.io.File,java.io.File,Declared Java type missing Python facade,Typed Java reference facade; preserve JVM identity; review nullable return and dependent types per signature,Optional[File],Typed facade
GUI dialogs and capture overlays,org.sikuli.util.SikulixFileChooser.loadImage(),java.io.File,java.io.File,Declared Java type missing Python facade,Typed Java reference facade; preserve JVM identity; review nullable return and dependent types per signature,Optional[File],Typed facade
GUI dialogs and capture overlays,org.sikuli.util.SikulixFileChooser.open(),java.io.File,java.io.File,Declared Java type missing Python facade,Typed Java reference facade; preserve JVM identity; review nullable return and dependent types per signature,Optional[File],Typed facade
GUI dialogs and capture overlays,org.sikuli.util.SikulixFileChooser.open(java.lang.String),java.io.File,java.io.File,Declared Java type missing Python facade,Typed Java reference facade; preserve JVM identity; review nullable return and dependent types per signature,Optional[File],Typed facade
GUI dialogs and capture overlays,org.sikuli.util.SikulixFileChooser.resolveDefaultDir(),java.io.File,java.io.File,Declared Java type missing Python facade,Typed Java reference facade; preserve JVM identity; review nullable return and dependent types per signature,File,Typed facade
GUI dialogs and capture overlays,org.sikuli.util.SikulixFileChooser.save(),java.io.File,java.io.File,Declared Java type missing Python facade,Typed Java reference facade; preserve JVM identity; review nullable return and dependent types per signature,Optional[File],Typed facade
GUI dialogs and capture overlays,"org.sikuli.util.SikulixFileChooser.saveAs(java.lang.String, boolean)",java.io.File,java.io.File,Declared Java type missing Python facade,Typed Java reference facade; preserve JVM identity; review nullable return and dependent types per signature,Optional[File],Typed facade
Guide and visual annotations,"org.sikuli.guide.AnimationFactory.createCircleAnimation(org.sikuli.guide.Visual, java.awt.Point, float)",org.sikuli.guide.NewAnimator,org.sikuli.guide.NewAnimator,Declared Java type missing Python facade,Typed opaque animator handle; pass to Visual.addAnimation; Java public API needed for direct animator methods,NewAnimator,Typed opaque handle
Guide and visual annotations,"org.sikuli.guide.AnimationFactory.createOpacityAnimation(org.sikuli.guide.Visual, float, float)",org.sikuli.guide.NewAnimator,org.sikuli.guide.NewAnimator,Declared Java type missing Python facade,Typed opaque animator handle; pass to Visual.addAnimation; Java public API needed for direct animator methods,NewAnimator,Typed opaque handle
Guide and visual annotations,org.sikuli.guide.ComponentMover.getDragInsets(),java.awt.Insets,java.awt.Insets,Declared Java type missing Python facade,Typed Java reference facade; preserve JVM identity; review nullable return and dependent types per signature,Insets,Typed facade
Guide and visual annotations,org.sikuli.guide.ComponentMover.getSnapSize(),java.awt.Dimension,java.awt.Dimension,Declared Java type missing Python facade,Typed Java reference facade; preserve JVM identity; review nullable return and dependent types per signature,Dimension,Typed facade
Guide and visual annotations,org.sikuli.guide.ShadowRenderer.createShadowImage(),java.awt.image.BufferedImage,java.awt.image.BufferedImage,Declared Java type missing Python facade,Typed Java reference facade; preserve JVM identity; review nullable return and dependent types per signature,BufferedImage,Typed facade
Guide and visual annotations,org.sikuli.guide.SxArrow.getDestination(),java.awt.Point,java.awt.Point,Declared Java type missing Python facade,Typed Java reference facade; preserve JVM identity; review nullable return and dependent types per signature,Optional[Point],Typed facade
Guide and visual annotations,org.sikuli.guide.SxArrow.getSource(),java.awt.Point,java.awt.Point,Declared Java type missing Python facade,Typed Java reference facade; preserve JVM identity; review nullable return and dependent types per signature,Optional[Point],Typed facade
Guide and visual annotations,org.sikuli.guide.SxImage.getImage(),java.awt.image.BufferedImage,java.awt.image.BufferedImage,Declared Java type missing Python facade,Typed Java reference facade; preserve JVM identity; review nullable return and dependent types per signature,Optional[BufferedImage],Typed facade
Guide and visual annotations,org.sikuli.guide.Visual.getActualBounds(),java.awt.Rectangle,java.awt.Rectangle,Declared Java type missing Python facade,Typed Java reference facade; preserve JVM identity; review nullable return and dependent types per signature,Rectangle,Typed facade
Guide and visual annotations,org.sikuli.guide.Visual.getActualLocation(),java.awt.Point,java.awt.Point,Declared Java type missing Python facade,Typed Java reference facade; preserve JVM identity; review nullable return and dependent types per signature,Point,Typed facade
Guide and visual annotations,org.sikuli.guide.Visual.getActualSize(),java.awt.Dimension,java.awt.Dimension,Declared Java type missing Python facade,Typed Java reference facade; preserve JVM identity; review nullable return and dependent types per signature,Dimension,Typed facade
Guide and visual annotations,org.sikuli.guide.Visual.getCenter(),java.awt.Point,java.awt.Point,Declared Java type missing Python facade,Typed Java reference facade; preserve JVM identity; review nullable return and dependent types per signature,Point,Typed facade
Guide and visual annotations,org.sikuli.guide.Visual.getFollowerBounds(),java.awt.Rectangle,java.awt.Rectangle,Declared Java type missing Python facade,Typed Java reference facade; preserve JVM identity; review nullable return and dependent types per signature,Rectangle,Typed facade
Native platform integration,org.sikuli.natives.OSUtil$OsWindow.getBounds(),java.awt.Rectangle,java.awt.Rectangle,Declared Java type missing Python facade,Outside current five-area work scope,Rectangle,Outside selected scope
Native platform integration,"org.sikuli.natives.mac.jna.CoreGraphics.CGWindowListCopyWindowInfo(int, int)",com.sun.jna.platform.mac.CoreFoundation$CFArrayRef,com.sun.jna.platform.mac.CoreFoundation$CFArrayRef,Declared Java type missing Python facade,Outside current five-area work scope,Any,Outside selected scope
Native platform integration,org.sikuli.natives.mac.jna.ObjC.cls(java.lang.String),com.sun.jna.Pointer,com.sun.jna.Pointer,Declared Java type missing Python facade,Outside current five-area work scope,Any,Outside selected scope
Native platform integration,"org.sikuli.natives.mac.jna.ObjC.msgSend(com.sun.jna.Pointer, com.sun.jna.Pointer, java.lang.Object[])",com.sun.jna.Pointer,com.sun.jna.Pointer,Declared Java type missing Python facade,Outside current five-area work scope,Any,Outside selected scope
Native platform integration,org.sikuli.natives.mac.jna.ObjC.sel(java.lang.String),com.sun.jna.Pointer,com.sun.jna.Pointer,Declared Java type missing Python facade,Outside current five-area work scope,Any,Outside selected scope
Preferences,org.sikuli.basics.PreferencesUser.getIdeLocation(),java.awt.Point,java.awt.Point,Declared Java type missing Python facade,Outside current five-area work scope,Point,Outside selected scope
Preferences,org.sikuli.basics.PreferencesUser.getIdeSize(),java.awt.Dimension,java.awt.Dimension,Declared Java type missing Python facade,Outside current five-area work scope,Dimension,Outside selected scope
Preferences,org.sikuli.basics.PreferencesUser.getLocale(),java.util.Locale,java.util.Locale,Declared Java type missing Python facade,Outside current five-area work scope,Any,Outside selected scope
VNC,com.sikulix.vnc.VNCClient.getBounds(),java.awt.Rectangle,java.awt.Rectangle,Declared Java type missing Python facade,Outside current five-area work scope,Rectangle,Outside selected scope
VNC,"com.sikulix.vnc.VNCClient.getFrameBuffer(int, int, int, int)",java.awt.image.BufferedImage,java.awt.image.BufferedImage,Declared Java type missing Python facade,Outside current five-area work scope,BufferedImage,Outside selected scope
VNC,com.sikulix.vnc.VNCClient.getPreferredPF(),com.tigervnc.rfb.PixelFormat,com.tigervnc.rfb.PixelFormat,Declared Java type missing Python facade,Outside current five-area work scope,Any,Outside selected scope
VNC,com.sikulix.vnc.VNCClipboard$TransferType.getDataClass(),java.lang.Class,java.lang.Class,Declared Java type missing Python facade,Outside current five-area work scope,Class,Outside selected scope
VNC,org.sikuli.vnc.VNCScreen.getBounds(),java.awt.Rectangle,java.awt.Rectangle,Declared Java type missing Python facade,Outside current five-area work scope,Rectangle,Outside selected scope
